{
  "items": [
    {
      "type": "group",
      "ctime": 1699893583730,
      "items": [
        {
          "type": "file",
          "ctime": 1704310298875,
          "path": "Vault Hub.md",
          "subpath": "#^-",
          "title": "Vault Hub"
        },
        {
          "type": "group",
          "ctime": 1709511062147,
          "items": [
            {
              "type": "file",
              "ctime": 1704310298875,
              "path": "Tools/Buttons.md",
              "subpath": "#^-",
              "title": "Buttons"
            },
            {
              "type": "file",
              "ctime": 1704382959324,
              "path": "Tools/Notepad.md",
              "subpath": "#^-",
              "title": "Notepad"
            },
            {
              "type": "file",
              "ctime": 1704937277483,
              "path": "Tools/Tab of Lazy Prep.md",
              "subpath": "#^-",
              "title": "Tab of Lazy Prep"
            },
            {
              "type": "file",
              "ctime": 1709511114562,
              "path": "Tools/Websites.md",
              "subpath": "#^-",
              "title": "Websites"
            }
          ],
          "title": "Tools"
        },
        {
          "type": "group",
          "ctime": 1699893583730,
          "items": [
            {
              "type": "group",
              "ctime": 1699893608454,
              "items": [],
              "title": "Lore"
            },
            {
              "type": "group",
              "ctime": 1699893608454,
              "items": [
                {
                  "type": "group",
                  "ctime": 1699893908473,
                  "items": [],
                  "title": "Party Dashboards"
                },
                {
                  "type": "group",
                  "ctime": 1699893908473,
                  "items": [],
                  "title": "Characters"
                },
                {
                  "type": "group",
                  "ctime": 1704900523293,
                  "items": [],
                  "title": "Journey Boards"
                },
                {
                  "type": "group",
                  "ctime": 1699893908473,
                  "items": [],
                  "title": "Session Notes"
                },
                {
                  "type": "group",
                  "ctime": 1699893908473,
                  "items": [],
                  "title": "Quests"
                },
                {
                  "type": "group",
                  "ctime": 1701972514364,
                  "items": [],
                  "title": "Adventures"
                },
                {
                  "type": "group",
                  "ctime": 1699893908473,
                  "items": [],
                  "title": "Service Requests"
                }
              ],
              "title": "Parties"
            },
            {
              "type": "group",
              "ctime": 1699893608454,
              "items": [],
              "title": "Deities"
            },
            {
              "type": "group",
              "ctime": 1699893608454,
              "items": [],
              "title": "Planes"
            },
            {
              "type": "group",
              "ctime": 1699893608454,
              "items": [],
              "title": "Planets"
            },
            {
              "type": "group",
              "ctime": 1704396993628,
              "items": [],
              "title": "Geography"
            },
            {
              "type": "group",
              "ctime": 1699893608454,
              "items": [],
              "title": "County"
            },
            {
              "type": "group",
              "ctime": 1699893608454,
              "items": [],
              "title": "Settlements"
            },
            {
              "type": "group",
              "ctime": 1699893608454,
              "items": [],
              "title": "Districts"
            },
            {
              "type": "group",
              "ctime": 1699893608454,
              "items": [],
              "title": "Points of Interest"
            },
            {
              "type": "group",
              "ctime": 1699893608454,
              "items": [],
              "title": "Organizations"
            },
            {
              "type": "group",
              "ctime": 1699893608454,
              "items": [],
              "title": "NPCs"
            },
            {
              "type": "group",
              "ctime": 1699893608454,
              "items": [],
              "title": "Literature"
            },
            {
              "type": "group",
              "ctime": 1699893608454,
              "items": [],
              "title": "Letters"
            }
          ],
          "title": "Campaign"
        },
        {
          "type": "group",
          "ctime": 1699893583730,
          "items": [
            {
              "type": "group",
              "ctime": 1699894149866,
              "items": [],
              "title": "Misc"
            }
          ],
          "title": "z_Assets"
        },
        {
          "type": "group",
          "ctime": 1704310277183,
          "items": [],
          "title": "z_Audio"
        },
        {
          "type": "group",
          "ctime": 1704310277183,
          "items": [],
          "title": "z_Excalidraw"
        },
        {
          "type": "group",
          "ctime": 1704310277183,
          "items": [
            {
              "type": "group",
              "ctime": 1704314900868,
              "items": [
                {
                  "type": "group",
                  "ctime": 1704314990394,
                  "items": [
                    {
                      "type": "file",
                      "ctime": 1704673426330,
                      "path": "z_Templates/GM Templates/Story Notes/Template - Session Note.md",
                      "subpath": "#^-",
                      "title": "Template - Session Note"
                    },
                    {
                      "type": "file",
                      "ctime": 1704673402744,
                      "path": "z_Templates/GM Templates/Story Notes/Template - Service.md",
                      "subpath": "#^-",
                      "title": "Template - Service"
                    },
                    {
                      "type": "file",
                      "ctime": 1704673426330,
                      "path": "z_Templates/GM Templates/Story Notes/Template - Quest.md",
                      "subpath": "#^-",
                      "title": "Template- Adventure"
                    },
                    {
                      "type": "file",
                      "ctime": 1704673409170,
                      "path": "z_Templates/GM Templates/Story Notes/Template - Adventure.md",
                      "subpath": "#^-",
                      "title": "Template - Quest"
                    }
                  ],
                  "title": "Story Notes"
                },
                {
                  "type": "group",
                  "ctime": 1704314990394,
                  "items": [
                    {
                      "type": "file",
                      "ctime": 1704671258903,
                      "path": "z_Templates/GM Templates/Characters/Template - NPC.md",
                      "subpath": "#^-",
                      "title": "Template - NPC"
                    },
                    {
                      "type": "file",
                      "ctime": 1704902169632,
                      "path": "z_Templates/GM Templates/Characters/Template - NPC (Creature).md",
                      "subpath": "#^-",
                      "title": "Template - NPC (Creature)"
                    },
                    {
                      "type": "file",
                      "ctime": 1704671258903,
                      "path": "z_Templates/GM Templates/Characters/Template - Organization.md",
                      "subpath": "#^-",
                      "title": "Template - Organization"
                    },
                    {
                      "type": "file",
                      "ctime": 1704671258903,
                      "path": "z_Templates/GM Templates/Characters/Template - Player.md",
                      "subpath": "#^-",
                      "title": "Template - Player"
                    },
                    {
                      "type": "file",
                      "ctime": 1704671258903,
                      "path": "z_Templates/GM Templates/Characters/Template - Party Dashboard.md",
                      "subpath": "#^-",
                      "title": "Template - Party Dashboard"
                    },
                    {
                      "type": "file",
                      "ctime": 1704671258903,
                      "path": "z_Templates/GM Templates/Characters/Template - Deity.md",
                      "subpath": "#^-",
                      "title": "Template - Deity (WIP)"
                    }
                  ],
                  "title": "Characters"
                },
                {
                  "type": "group",
                  "ctime": 1704314990394,
                  "items": [
                    {
                      "type": "file",
                      "ctime": 1704671256245,
                      "path": "z_Templates/GM Templates/Locations/Template - Point of Interest.md",
                      "subpath": "#^-",
                      "title": "Template - Point of Interest"
                    },
                    {
                      "type": "file",
                      "ctime": 1704671256245,
                      "path": "z_Templates/GM Templates/Locations/Template - District.md",
                      "subpath": "#^-",
                      "title": "Template - District"
                    },
                    {
                      "type": "file",
                      "ctime": 1704671256245,
                      "path": "z_Templates/GM Templates/Locations/Template - Settlement.md",
                      "subpath": "#^-",
                      "title": "Template - Settlement"
                    },
                    {
                      "type": "file",
                      "ctime": 1704671256245,
                      "path": "z_Templates/GM Templates/Locations/Template - County.md",
                      "subpath": "#^-",
                      "title": "Template - Region"
                    },
                    {
                      "type": "file",
                      "ctime": 1704671256245,
                      "path": "z_Templates/GM Templates/Locations/Template - Geography.md",
                      "subpath": "#^-",
                      "title": "Template - Country"
                    }
                  ],
                  "title": "Locations"
                },
                {
                  "type": "group",
                  "ctime": 1704314990394,
                  "items": [
                    {
                      "type": "file",
                      "ctime": 1704673423538,
                      "path": "z_Templates/GM Templates/Items/Template - Letter.md",
                      "subpath": "#^-",
                      "title": "Template - Letter"
                    },
                    {
                      "type": "file",
                      "ctime": 1704673412297,
                      "path": "z_Templates/GM Templates/Items/Template - Literature.md",
                      "subpath": "#^-",
                      "title": "Template - Literature"
                    }
                  ],
                  "title": "Items"
                }
              ],
              "title": "GM Templates"
            },
            {
              "type": "group",
              "ctime": 1704314900868,
              "items": [],
              "title": "Player Templates"
            },
            {
              "type": "group",
              "ctime": 1704314900868,
              "items": [],
              "title": "Markdown"
            }
          ],
          "title": "z_Templates"
        },
        {
          "type": "group",
          "ctime": 1704310277183,
          "items": [],
          "title": "z_Unorganized"
        },
        {
          "type": "file",
          "ctime": 1704310277183,
          "path": "Changelog.md",
          "subpath": "#^-"
        }
      ],
      "title": "sortspec"
    }
  ]
}