{
  "main": {
    "id": "6b17bb35893ffb0f",
    "type": "split",
    "children": [
      {
        "id": "278d434d5aff1024",
        "type": "tabs",
        "children": [
          {
            "id": "c20e5a8f53750d7c",
            "type": "leaf",
            "state": {
              "type": "markdown",
              "state": {
                "file": "Campaign/Parties/Session Notes/Session 4.md",
                "mode": "source",
                "source": false
              }
            }
          }
        ]
      }
    ],
    "direction": "vertical"
  },
  "left": {
    "id": "dd1b2141f5b150c6",
    "type": "split",
    "children": [
      {
        "id": "a0727e49f2470fb9",
        "type": "tabs",
        "children": [
          {
            "id": "8e6a600393459893",
            "type": "leaf",
            "state": {
              "type": "file-explorer",
              "state": {
                "sortOrder": "alphabetical"
              }
            }
          },
          {
            "id": "2aed524c2908ff01",
            "type": "leaf",
            "state": {
              "type": "search",
              "state": {
                "query": "",
                "matchingCase": false,
                "explainSearch": false,
                "collapseAll": false,
                "extraContext": false,
                "sortOrder": "alphabetical"
              }
            }
          },
          {
            "id": "83ae487353016549",
            "type": "leaf",
            "state": {
              "type": "tag",
              "state": {
                "sortOrder": "frequency",
                "useHierarchy": true
              }
            }
          },
          {
            "id": "a8584eb11b77b526",
            "type": "leaf",
            "state": {
              "type": "bookmarks",
              "state": {}
            }
          }
        ]
      }
    ],
    "direction": "horizontal",
    "width": 326.50000381469727
  },
  "right": {
    "id": "1446a7785c9edd06",
    "type": "split",
    "children": [
      {
        "id": "5abf8ac2bb0cb5ed",
        "type": "tabs",
        "children": [
          {
            "id": "ea9c114dfc35c640",
            "type": "leaf",
            "state": {
              "type": "markdown",
              "state": {
                "file": "Vault Hub.md",
                "mode": "preview",
                "source": false
              }
            }
          },
          {
            "id": "176da24dd662dcec",
            "type": "leaf",
            "state": {
              "type": "backlink",
              "state": {
                "file": "Campaign/Parties/Session Notes/Session 4.md",
                "collapseAll": false,
                "extraContext": false,
                "sortOrder": "alphabetical",
                "showSearch": false,
                "searchQuery": "",
                "backlinkCollapsed": false,
                "unlinkedCollapsed": true
              }
            }
          },
          {
            "id": "30293895ea4651fb",
            "type": "leaf",
            "state": {
              "type": "outgoing-link",
              "state": {
                "file": "Campaign/Parties/Session Notes/Session 4.md",
                "linksCollapsed": false,
                "unlinkedCollapsed": true
              }
            }
          },
          {
            "id": "ec0d60ed5a956cb7",
            "type": "leaf",
            "state": {
              "type": "outline",
              "state": {
                "file": "Campaign/Parties/Session Notes/Session 4.md"
              }
            }
          },
          {
            "id": "d4751694aba3f9f4",
            "type": "leaf",
            "state": {
              "type": "DICE_ROLLER_VIEW",
              "state": {}
            }
          }
        ]
      }
    ],
    "direction": "horizontal",
    "width": 332.5
  },
  "left-ribbon": {
    "hiddenItems": {
      "obsidian-5e-statblocks:Open Creature pane": false,
      "canvas:Create new canvas": false,
      "command-palette:Open command palette": false,
      "audio-recorder:Start/stop recording": false,
      "templates:Insert template": false,
      "switcher:Open quick switcher": false,
      "graph:Open graph view": false,
      "templater-obsidian:Templater": false,
      "custom-sort:Toggle custom sorting": false,
      "obsidian-excalidraw-plugin:Create new drawing": false,
      "obsidian-tts:Text to Speech": false,
      "fantasy-content-generator:Fantasy Generators": false,
      "obsidian-leaflet-plugin:Open Leaflet Map": false,
      "obsidian-textgenerator-plugin:Generate Text!": false,
      "obsidian-textgenerator-plugin:Text Generator: Templates Packages Manager": false
    }
  },
  "active": "c20e5a8f53750d7c",
  "lastOpenFiles": [
    "Campaign/Parties/Session Notes/Session 2.md",
    "Campaign/Parties/Session Notes/Session 4.md",
    "Campaign/Parties/Characters/Fanlyn 1.md",
    "textgenerator/templates/local/Summarize.md",
    "Vault Hub.md",
    "textgenerator/templates/default/rewrite.md",
    "Tools/Notepad.md",
    "textgenerator/templates/local",
    "textgenerator/templates/default/getOutline.md",
    "textgenerator/templates/default/simplify.md",
    "textgenerator/templates/default/getParagraph.md",
    "textgenerator/templates/default/summarizeLarge.md",
    "textgenerator/templates/default/getIdeas.md",
    "textgenerator/templates/default/getEmailNeg.md",
    "textgenerator/templates/default/getTitles.md",
    "textgenerator/templates/default/getEmailPos.md",
    "textgenerator/templates/default/getTags.md",
    "textgenerator/templates/default/summarize.md",
    "textgenerator/templates/default",
    "textgenerator/templates",
    "textgenerator",
    "DND Content/Classes/Bard.md",
    "DND Content/Classes/Blood Hunter.md",
    "DND Content/Classes/Barbarian.md",
    "DND Content/Classes/Artificer.md",
    "Campaign/NPCs/Sproute Village/Husband Enmar.md",
    "DND Content/Classes/Ranger.md",
    "Campaign/Parties/Characters/Fanlyn.md",
    "DND Content/Treasure/Wings of Flying.md",
    "DND Content/Treasure/Winged Boots.md",
    "DND Content/Treasure",
    "DND Content/Spells",
    "DND Content/Races",
    "DND Content/Monsters",
    "DND Content/Gameplay",
    "DND Content/Gamemastering",
    "z_Assets/Hub/HubBackground.png",
    "z_Assets/Hub/HubBackground.jpg",
    "z_Assets/Hub/1000_F_531735867_ikV3o9eethAHLrq3WTDAqWlHnxJptJz8.jpg",
    "z_Assets/Organizations/1000_F_531735867_ikV3o9eethAHLrq3WTDAqWlHnxJptJz8.jpg",
    "z_Assets/Locations/Bandit Camp.jpg",
    "z_Assets/Organizations/Seelie Court.png",
    "z_Assets/NPC/Erefis Vizin.jpg",
    "z_Assets/NPC/Salanae Vizin.png",
    "z_Assets/Deities/3afe523f3dc88bf62e730a54fcd0f515.webp",
    "z_Assets/Deities/Titania.webp",
    "Untitled.canvas",
    "3. Campaign/4. Planes/Untitled.canvas",
    "z_Canvas/Untitled.canvas"
  ]
}